{"0":[[43.6073,-110.7378],[43.4786,-110.7626],[43.4803,-110.7624],[43.4812,-110.7631]],"1":[[43.6568,-110.7193],[43.6601,-110.5823],[43.69072,-110.67189],[43.76,-110.63],[43.8679,-110.5678],[43.9069,-110.6289],[43.9058,-110.6408],[43.7037,-110.6534],[43.4834,-110.7665],[43.4808,-110.7765]],"2":[[43.6734,-110.589],[43.7037,-110.6534],[43.6601,-110.5823],[43.4786,-110.7626],[43.7449,-110.7358],[43.8607,-110.6468],[44.1327,-110.664],[44.1405,-110.6642],[44.3066,-110.6469],[44.3917,-110.5586],[44.4605,-110.8281],[44.6613,-111.1013],[44.6612,-111.0966]],"3":[[44.525,-110.8385],[44.4605,-110.8281],[44.5297,-110.8436],[44.47,-110.8351]],"4":[[44.716,-110.4966],[44.7147,-110.4802],[44.7015,-111.115]],"5":[[44.9053,-110.2178]],"6":[[44.6612,-111.0966],[44.9767,-110.7083],[45.0264,-110.7037],[45.677,-111.0425]],"7":[[45.677,-111.0425],[45.7775,-111.1533]]}